batch size,time taken,iterations,epochs
1,43.41783928871155,3000000,3
100,0.7384233474731445,40000,4
10000,4.293684005737305,16200,162
1000000,105.58338499069214,7535,7535