batch size,time taken,iterations,epochs
1,28.934314250946045,3000000,3
100,0.4817161560058594,40000,4
10000,1.7837934494018555,16200,162
1000000,60.05318307876587,7535,7535