batch size,time taken,iterations,epochs
1,27.599299669265747,3000000,3
100,0.6041765213012695,60000,6
10000,2.616321325302124,20400,204
1000000,23.880210399627686,3298,3298