batch size,error
1,1.0371904706923967
100,0.9846676977263636
10000,0.9862389393433246
1000000,1.35444390679033
inf,0.9829469215000003