batch size,error
1,1.006793126113937
100,0.9831534492868419
10000,0.9864499318475022
1000000,1.3544439067903289
inf,0.9829469215000003