batch size,error
1,1.091344084592023
100,0.9834392507010677
10000,0.9833056677724988
1000000,4.694774464458102
inf,0.9829469215000003