batch size,time taken,iterations,epochs
1,31.06623101234436,3000000,3
100,0.7916193008422852,70000,7
10000,3.8245503902435303,20400,204
1000000,45.579429149627686,3298,3298