batch size,error
1,1.2482708311485655
100,0.9832038146602164
10000,0.9833157879984148
1000000,4.694774464458102
inf,0.9829469215000003